{
  "GLM": {
    "best_cv_auc": 0.7918183453987548,
    "best_params": {
      "classifier__penalty": "l2",
      "classifier__C": 0.01
    },
    "best_threshold": 0.4295574377486678,
    "threshold_selection_metrics": {
      "threshold": 0.4295574377486678,
      "test_auc": 0.7794505857119287,
      "accuracy": 0.612580834803057,
      "sensitivity": 0.7931034482758621,
      "specificity": 0.6094497607655502,
      "f1": 0.06524822695035461
    }
  },
  "RF": {
    "best_cv_auc": 0.7647216194476719,
    "best_params": {
      "n_estimators": 800,
      "min_samples_split": 2,
      "min_samples_leaf": 5,
      "max_features": "log2",
      "max_depth": 3,
      "class_weight": "balanced"
    },
    "best_threshold": 0.3403317483896622,
    "threshold_selection_metrics": {
      "threshold": 0.3403317483896622,
      "test_auc": 0.7544443986140901,
      "accuracy": 0.6243386243386243,
      "sensitivity": 0.7931034482758621,
      "specificity": 0.6214114832535885,
      "f1": 0.06715328467153285
    }
  },
  "SVM": {
    "best_cv_auc": 0.7992990496618704,
    "best_params": {
      "classifier__kernel": "rbf",
      "classifier__gamma": 0.001,
      "classifier__C": 0.1
    },
    "best_threshold": 0.013709542390014682,
    "threshold_selection_metrics": {
      "threshold": 0.013709542390014682,
      "test_auc": 0.7624360666556673,
      "accuracy": 0.6549088771310994,
      "sensitivity": 0.7241379310344828,
      "specificity": 0.6537081339712919,
      "f1": 0.06677265500794913
    }
  },
  "NNET": {
    "best_cv_auc": 0.7877658057020287,
    "best_params": {
      "classifier__solver": "adam",
      "classifier__learning_rate_init": 0.01,
      "classifier__hidden_layer_sizes": [
        32
      ],
      "classifier__batch_size": 16,
      "classifier__alpha": 0.01,
      "classifier__activation": "tanh"
    },
    "best_threshold": 0.0117038030170606,
    "threshold_selection_metrics": {
      "threshold": 0.0117038030170606,
      "test_auc": 0.7716754660947038,
      "accuracy": 0.6178718400940623,
      "sensitivity": 0.7931034482758621,
      "specificity": 0.6148325358851675,
      "f1": 0.06609195402298851
    }
  },
  "GBM": {
    "best_cv_auc": 0.7419812017755534,
    "best_params": {
      "subsample": 1.0,
      "n_estimators": 200,
      "min_samples_leaf": 5,
      "max_depth": 2,
      "learning_rate": 0.01
    },
    "best_threshold": 0.011971647175350729,
    "threshold_selection_metrics": {
      "threshold": 0.011971647175350729,
      "test_auc": 0.7069171753836001,
      "accuracy": 0.6272780717225162,
      "sensitivity": 0.6896551724137931,
      "specificity": 0.6261961722488039,
      "f1": 0.05934718100890208
    }
  },
  "XGBoost": {
    "best_cv_auc": 0.7743613370274377,
    "best_params": {
      "subsample": 1.0,
      "reg_lambda": 1.0,
      "reg_alpha": 0.5,
      "n_estimators": 200,
      "min_child_weight": 1,
      "max_depth": 2,
      "learning_rate": 0.01,
      "gamma": 0.3,
      "colsample_bytree": 1.0
    },
    "best_threshold": 0.014675309881567955,
    "threshold_selection_metrics": {
      "threshold": 0.014675309881567955,
      "test_auc": 0.7514539679920805,
      "accuracy": 0.6261022927689595,
      "sensitivity": 0.8275862068965517,
      "specificity": 0.6226076555023924,
      "f1": 0.07017543859649122
    }
  }
}