model,selected_threshold,threshold_train_sensitivity,threshold_train_specificity,tuning_auc,cv_auc_mean,cv_auc_std,test_auc,accuracy,sensitivity,specificity,f1,bootstrap_auc_ci_lower,bootstrap_auc_ci_median,bootstrap_auc_ci_upper,n_features
RF,0.37742805602093193,0.7,0.6134051466187912,0.7138590282122321,0.7138053654595572,0.14458325431237587,0.8719918349806618,0.6213991769547325,0.9230769230769231,0.6159217877094972,0.08,0.7684894714224323,0.8438708637730985,0.8780390524280189,5
GLM,0.46454177328706514,0.6666666666666666,0.6355475763016158,0.7467813328566747,0.7431886821594904,0.13490447027714414,0.8717232488182207,0.654320987654321,0.8461538461538461,0.6508379888268156,0.08029197080291971,0.7795740223463687,0.8606574989256554,0.8834658358401375,5
SVM,0.017294685996719936,0.36666666666666664,0.6241771394374626,0.7591600381326898,0.7579536759813705,0.12508368282310864,0.86850021486893,0.01783264746227709,1.0,0.0,0.03504043126684636,0.12179308122045551,0.8456166738289643,0.8736167812634293,5
NNET,0.01656637341547176,0.7333333333333333,0.6361460203470976,0.7533128072213782,0.7372525781769794,0.13860448414404672,0.8623764503652771,0.6488340192043895,0.8461538461538461,0.6452513966480447,0.07913669064748201,0.7414938762354963,0.8507735281478298,0.8844649763644177,5
GBM,0.013677563355262944,0.7,0.6140035906642729,0.7123174844341169,0.7191956563064348,0.15612804474827793,0.8565749892565535,0.5829903978052127,0.9230769230769231,0.5768156424581006,0.07317073170731707,0.7359502578427161,0.843467984529437,0.8879606252685861,5
XGBoost,0.01764843985438347,0.7666666666666667,0.6026331538001197,0.7285653171269402,0.7208774712479802,0.13886276785801993,0.844596046411689,0.6296296296296297,0.9230769230769231,0.6243016759776536,0.08163265306122448,0.7474699183498067,0.8265201976794156,0.8616700687580575,5
