model,tuning_auc,cv_auc_mean,cv_auc_std,test_auc,accuracy,sensitivity,specificity,f1,bootstrap_auc_ci_lower,bootstrap_auc_ci_median,bootstrap_auc_ci_upper,n_features
NNET,0.823898758357211,0.8176203886152161,0.12309363099270232,0.743093355242888,0.9829396325459318,0.0,1.0,0.0,0.6362265071377221,0.7302043750641882,0.743298757317449,6
GLM,0.8099784418065221,0.8209955719759169,0.11924686890384804,0.7350826743350108,0.7874015748031497,0.46153846153846156,0.7930574098798397,0.06896551724137931,0.5899507035021054,0.7102546985724556,0.7412999383793777,6
SVM,0.8259878291717834,0.8266346414887795,0.11820507558763599,0.7341583649994865,0.9816272965879265,0.0,0.9986648865153538,0.0,0.6454169662113587,0.7326178494402793,0.7395039539899354,6
GBM,0.7983767498976668,0.8066592610837438,0.12045250886019053,0.7326178494402793,0.9803149606299213,0.0,0.9973297730307076,0.0,0.5539770976686864,0.7067371880455993,0.7399622573687995,6
XGBoost,0.7638652749351889,0.7891050848385331,0.11728064793530674,0.6800862688713157,0.9816272965879265,0.0,0.9986648865153538,0.0,0.5633293108760399,0.618748074355551,0.7284096744377119,6
RF,0.7943458589166326,0.8000524083196496,0.12210941963441227,0.6572352880764096,0.7913385826771654,0.23076923076923078,0.8010680907877169,0.03636363636363636,0.5965877580363562,0.6527677929547089,0.6984363767074048,6
