model,selected_threshold,threshold_train_sensitivity,threshold_train_specificity,tuning_auc,cv_auc_mean,cv_auc_std,test_auc,accuracy,sensitivity,specificity,f1,bootstrap_auc_ci_lower,bootstrap_auc_ci_median,bootstrap_auc_ci_upper,n_features
GLM,0.47448891854620867,0.7333333333333333,0.6245103525461667,0.7419031187894152,0.7450733894084907,0.13080009426043782,0.66733527228964,0.6076923076923076,0.6923076923076923,0.60625814863103,0.05555555555555555,0.6229716176913048,0.6628221843345703,0.6744383712767024,3
SVM,0.01845128754637514,0.2,0.6407386681589256,0.7428702095363284,0.7459825183604295,0.1307576023817676,0.6667335272289641,0.9833333333333333,0.0,1.0,0.0,0.32842743957476683,0.3410891585598236,0.6682303680673954,3
GBM,0.012602858672842452,0.7,0.6334639059876889,0.6792148777574344,0.6869638859247169,0.1474461155273936,0.6586601143315616,0.6525641025641026,0.6923076923076923,0.651890482398957,0.06228373702422145,0.5731960184535152,0.636495837929997,0.699063534249323,3
NNET,0.019381407823867314,0.6666666666666666,0.6284275321768327,0.7188190173648603,0.7116488293264704,0.1626958015385577,0.6515896098686189,0.8666666666666667,0.38461538461538464,0.8748370273794003,0.08771929824561403,0.6333316618192758,0.711663825092769,0.741766121753084,3
RF,0.387317981111305,0.7666666666666667,0.6698377168438724,0.6690304576206646,0.657520662021635,0.1609679063248811,0.6429144519105406,0.6846153846153846,0.6923076923076923,0.6844850065189049,0.06818181818181818,0.548643566342393,0.6251378999097383,0.7154046735533045,3
XGBoost,0.014162656851112843,0.7333333333333333,0.6015668718522663,0.7020579889311405,0.7013937710543385,0.1502380143881395,0.6284224250325945,0.6666666666666666,0.6923076923076923,0.666232073011734,0.06474820143884892,0.5871226557015344,0.6171647778557818,0.6418212817169793,3
