{
  "target": "PulmonaryInfection",
  "overall_distribution": {
    "0": 0.9830708661417323,
    "1": 0.016929133858267716
  },
  "train_distribution": {
    "0": 0.983127109111361,
    "1": 0.01687289088863892
  },
  "test_distribution": {
    "0": 0.9829396325459318,
    "1": 0.01706036745406824
  },
  "train_size": 1778,
  "test_size": 762
}