{
  "target": "PulmonaryInfection",
  "overall_distribution": {
    "0": 0.9823045267489712,
    "1": 0.017695473251028805
  },
  "train_distribution": {
    "0": 0.982363315696649,
    "1": 0.01763668430335097
  },
  "test_distribution": {
    "0": 0.9821673525377229,
    "1": 0.01783264746227709
  },
  "train_size": 1701,
  "test_size": 729
}