{
  "target": "PulmonaryInfection",
  "overall_distribution": {
    "0": 0.9834424335772045,
    "1": 0.016557566422795534
  },
  "train_distribution": {
    "0": 0.9834892680242158,
    "1": 0.01651073197578426
  },
  "test_distribution": {
    "0": 0.9833333333333333,
    "1": 0.016666666666666666
  },
  "train_size": 1817,
  "test_size": 780
}